{
    "version": "1.0",
    "builtin-baseline": "782ccc18d8b819cdef6794a6c03eb3d9f7cd04aa",
    "dependencies": [
        {
            "name": "glfw3",
            "version>=": "3.4"
        },
        {
            "name": "imgui",
            "version>=": "1.91.5"
        },
        {
            "name": "implot",
            "version>=": "0.16"
        },
        {
            "name": "opencv4",
            "version>=": "4.10.0"
        },
        {
            "name": "glad",
            "version>=": "0.1.36"
        },
        {
            "name": "nlohmann-json",
            "version>=": "3.11.3"
        },
        {
            "name": "boost",
            "version>=": "1.86.0"
        }
    ]
}
